y_true,y_pred
37.0,43.260000000000005
33.5,50.5
32.0,34.14
30.0,26.96
31.0,29.559999999999995
33.0,29.22
34.0,32.56
38.0,32.68
36.0,34.2
34.0,34.64
45.0,34.2
55.0,47.3
44.0,57.32000000000001
38.0,41.519999999999996
34.0,33.11999999999999
26.5,29.76
24.5,27.28
24.3,23.439999999999998
24.0,23.640000000000004
24.4,24.1
26.9,22.040000000000003
42.1,25.5
78.8,59.3
158.0,101.42
187.0,203.8
121.0,173.0
79.9,93.56000000000002
59.5,76.03999999999999
49.3,53.080000000000005
44.0,45.980000000000004
