y_true,y_pred
37.0,63.06
33.5,52.5
32.0,49.08
30.0,35.64
31.0,30.76
33.0,29.339999999999996
34.0,29.46
38.0,29.6
36.0,32.160000000000004
34.0,31.5
45.0,31.26
55.0,39.17999999999999
44.0,42.699999999999996
38.0,32.660000000000004
34.0,38.92
26.5,32.660000000000004
24.5,26.0
24.3,29.2
24.0,36.99999999999999
24.4,44.52
26.9,34.239999999999995
42.1,29.660000000000004
78.8,51.96
158.0,96.47999999999999
187.0,161.0
121.0,144.94
79.9,114.7
59.5,88.6
49.3,54.04
44.0,47.64
