y_true,y_pred
37.0,44.56
33.5,36.74
32.0,32.44
30.0,27.5
31.0,30.76
33.0,29.160000000000004
34.0,32.78
38.0,32.120000000000005
36.0,34.2
34.0,34.6
45.0,32.2
55.0,45.7
44.0,54.48
38.0,45.480000000000004
34.0,38.279999999999994
26.5,29.76
24.5,27.279999999999994
24.3,21.74
24.0,23.04
24.4,22.24
26.9,22.640000000000004
42.1,24.34
78.8,57.94
158.0,96.47999999999999
187.0,203.8
121.0,173.0
79.9,89.66
59.5,74.12
49.3,55.68000000000001
44.0,45.98
