y_true,y_pred
37.0,40.14
33.5,40.14
32.0,40.14
30.0,40.14
31.0,40.14
33.0,40.26
34.0,40.26
38.0,40.260000000000005
36.0,31.840000000000003
34.0,31.840000000000003
45.0,31.839999999999996
55.0,87.86
44.0,88.88
38.0,88.88
34.0,52.46
26.5,52.46
24.5,52.46
24.3,52.46
24.0,52.46
24.4,52.5
26.9,52.5
42.1,52.5
78.8,52.5
158.0,45.2
187.0,45.2
121.0,27.76
79.9,26.96
59.5,26.96
49.3,26.96
44.0,31.060000000000002
