y_true,y_pred
37.0,44.5
33.5,51.0
32.0,32.44
30.0,29.02
31.0,29.560000000000002
33.0,32.84
34.0,33.42
38.0,33.86
36.0,34.2
34.0,34.64
45.0,33.56
55.0,44.02
44.0,54.480000000000004
38.0,44.06
34.0,36.14
26.5,29.76
24.5,27.28
24.3,22.759999999999998
24.0,23.04
24.4,21.659999999999997
26.9,22.639999999999997
42.1,24.72
78.8,57.94
158.0,96.47999999999999
187.0,203.8
121.0,173.0
79.9,90.67999999999999
59.5,75.02
49.3,59.42
44.0,45.34
